value,label,r,g,b,a
0,unknown,0,0,0,0
1,left_cerebral_exterior,70,130,180,0
2,left_cerebral_white_matter,245,245,245,0
3,left_cerebral_cortex,205,62,78,0
4,left_lateral_ventricle,120,18,134,0
5,left_inf_lat_vent,196,58,250,0
6,left_cerebellum_exterior,0,148,0,0
7,left_cerebellum_white_matter,220,248,164,0
8,left_cerebellum_cortex,230,148,34,0
9,left_thalamus_unused,0,118,14,0
10,left_thalamus,0,118,14,0
11,left_caudate,122,186,220,0
12,left_putamen,236,13,176,0
13,left_pallidum,12,48,255,0
14,3rd_ventricle,204,182,142,0
15,4th_ventricle,42,204,164,0
16,brain_stem,119,159,176,0
17,left_hippocampus,220,216,20,0
18,left_amygdala,103,255,255,0
19,left_insula,80,196,98,0
20,left_operculum,60,58,210,0
21,line_1,60,58,210,0
22,line_2,60,58,210,0
23,line_3,60,58,210,0
24,csf,60,60,60,0
25,left_lesion,255,165,0,0
26,left_accumbens_area,255,165,0,0
27,left_substancia_nigra,0,255,127,0
28,left_ventraldc,165,42,42,0
29,left_undetermined,135,206,235,0
30,left_vessel,160,32,240,0
31,left_choroid_plexus,0,200,200,0
32,left_f3orb,100,50,100,0
33,left_aog,122,135,50,0
34,left_wmcrowns,123,135,50,0
35,left_mog,51,50,135,0
36,left_pog,74,155,60,0
37,left_stellate,120,62,43,0
38,left_porg,74,155,60,0
39,left_aorg,122,135,50,0
40,right_cerebral_exterior,70,130,180,0
41,right_cerebral_white_matter,245,245,245,0
42,right_cerebral_cortex,205,62,78,0
43,right_lateral_ventricle,120,18,134,0
44,right_inf_lat_vent,196,58,250,0
45,right_cerebellum_exterior,0,148,0,0
46,right_cerebellum_white_matter,220,248,164,0
47,right_cerebellum_cortex,230,148,34,0
48,right_thalamus_unused,0,118,14,0
49,right_thalamus,0,118,14,0
50,right_caudate,122,186,220,0
51,right_putamen,236,13,176,0
52,right_pallidum,13,48,255,0
53,right_hippocampus,220,216,20,0
54,right_amygdala,103,255,255,0
55,right_insula,80,196,98,0
56,right_operculum,60,58,210,0
57,right_lesion,255,165,0,0
58,right_accumbens_area,255,165,0,0
59,right_substancia_nigra,0,255,127,0
60,right_ventraldc,165,42,42,0
61,right_undetermined,135,206,235,0
62,right_vessel,160,32,240,0
63,right_choroid_plexus,0,200,221,0
64,right_f3orb,100,50,100,0
65,right_log,135,50,74,0
66,right_wmcrowns,122,135,50,0
67,right_mog,51,50,135,0
68,right_pog,74,155,60,0
69,right_stellate,120,62,43,0
70,right_porg,74,155,60,0
71,right_aorg,122,135,50,0
72,5th_ventricle,120,190,150,0
73,left_interior,122,135,50,0
74,right_interior,122,135,50,0
75,left_locus_coeruleus,91,97,255,0
76,right_locus_coeruleus,0,7,218,0
77,wm_hypointensities,200,70,255,0
78,left_wm_hypointensities,255,148,10,0
79,right_wm_hypointensities,255,148,10,0
80,non_wm_hypointensities,164,108,226,0
81,left_non_wm_hypointensities,164,108,226,0
82,right_non_wm_hypointensities,164,108,226,0
83,left_f1,255,218,185,0
84,right_f1,255,218,185,0
85,optic_chiasm,234,169,30,0
86,left_future_wmsa,200,120,255,0
87,right_future_wmsa,200,121,255,0
88,future_wmsa,200,122,255,0
96,left_amygdala_anterior,205,10,125,0
97,right_amygdala_anterior,205,10,125,0
98,dura,160,32,240,0
99,lesion,255,165,0,0
100,left_wm_intensity_abnormality,124,140,178,0
101,left_caudate_intensity_abnormality,125,140,178,0
102,left_putamen_intensity_abnormality,126,140,178,0
103,left_accumbens_intensity_abnormality,127,140,178,0
104,left_pallidum_intensity_abnormality,124,141,178,0
105,left_amygdala_intensity_abnormality,124,142,178,0
106,left_hippocampus_intensity_abnormality,124,143,178,0
107,left_thalamus_intensity_abnormality,124,144,178,0
108,left_vdc_intensity_abnormality,124,140,179,0
109,right_wm_intensity_abnormality,124,140,178,0
110,right_caudate_intensity_abnormality,125,140,178,0
111,right_putamen_intensity_abnormality,126,140,178,0
112,right_accumbens_intensity_abnormality,127,140,178,0
113,right_pallidum_intensity_abnormality,124,141,178,0
114,right_amygdala_intensity_abnormality,124,142,178,0
115,right_hippocampus_intensity_abnormality,124,143,178,0
116,right_thalamus_intensity_abnormality,124,144,178,0
117,right_vdc_intensity_abnormality,124,140,179,0
118,epidermis,255,20,147,0
119,conn_tissue,205,179,139,0
120,sc_fat_muscle,238,238,209,0
121,cranium,200,200,200,0
122,csf_sa,74,255,74,0
123,muscle,238,0,0,0
124,ear,0,0,139,0
125,adipose,173,255,47,0
126,spinal_cord,133,203,229,0
127,soft_tissue,26,237,57,0
128,nerve,34,139,34,0
129,bone,30,144,255,0
130,aircavity,196,160,128,0
131,orbital_fat,238,59,59,0
132,tongue,221,39,200,0
133,nasal_structures,238,174,238,0
134,globe,255,0,0,0
135,teeth,72,61,139,0
136,left_caudate_putamen,21,39,132,0
137,right_caudate_putamen,21,39,132,0
138,left_claustrum,65,135,20,0
139,right_claustrum,65,135,20,0
140,cornea,134,4,160,0
142,diploe,221,226,68,0
143,vitreous_humor,255,255,254,0
144,lens,52,209,226,0
145,aqueous_humor,239,160,223,0
146,outer_table,70,130,180,0
147,inner_table,70,130,181,0
148,periosteum,139,121,94,0
149,endosteum,224,224,224,0
150,r_c_s,255,0,0,0
151,iris,205,205,0,0
152,sc_adipose_muscle,238,238,209,0
153,sc_tissue,139,121,94,0
154,orbital_adipose,238,59,59,0
155,left_intcapsule_ant,238,59,59,0
156,right_intcapsule_ant,238,59,59,0
157,left_intcapsule_pos,62,10,205,0
158,right_intcapsule_pos,62,10,205,0
159,left_cerebral_wm_unmyelinated,0,118,14,0
160,right_cerebral_wm_unmyelinated,0,118,14,0
161,left_cerebral_wm_myelinated,220,216,21,0
162,right_cerebral_wm_myelinated,220,216,21,0
163,left_subcortical_gray_matter,122,186,220,0
164,right_subcortical_gray_matter,122,186,220,0
165,skull,120,120,120,0
166,posterior_fossa,14,48,255,0
167,scalp,166,42,42,0
168,hematoma,121,18,134,0
169,left_basal_ganglia,236,13,127,0
170,brainstem,119,159,176,0
171,dcg,119,0,176,0
172,vermis,119,100,176,0
173,midbrain,242,104,76,0
174,pons,206,195,58,0
175,medulla,119,159,176,0
176,right_basal_ganglia,236,13,126,0
177,vermis_white_matter,119,50,176,0
178,scp,142,182,0,0
179,floculus,19,100,176,0
180,left_cortical_dysplasia,73,61,139,0
181,right_cortical_dysplasia,73,62,139,0
182,cblumnodulus,10,100,176,0
183,left_vermis,119,100,176,0
184,right_vermis,100,119,176,0
192,corpus_callosum,0,0,160,0
193,left_hippocampal_fissure,0,196,255,0
194,left_cadg_head,255,164,164,0
195,left_subiculum,196,196,0,0
196,left_fimbria,0,100,255,0
197,right_hippocampal_fissure,128,196,164,0
198,right_cadg_head,0,126,75,0
199,right_subiculum,128,96,64,0
200,right_fimbria,0,50,128,0
201,alveus,255,204,153,0
202,perforant_pathway,255,128,128,0
203,parasubiculum,175,175,75,0
204,presubiculum,64,0,64,0
205,subiculum,0,0,255,0
206,ca1,255,0,0,0
207,ca2,128,128,255,0
208,ca3,0,128,0,0
209,ca4,196,160,128,0
210,gc_dg,32,200,255,0
211,hata,128,255,128,0
212,fimbria,204,153,204,0
213,lateral_ventricle,121,17,136,0
214,molecular_layer_hp,128,0,0,0
215,hippocampal_fissure,128,32,255,0
216,entorhinal_cortex,255,204,102,0
217,molecular_layer_subiculum,128,128,128,0
218,amygdala,104,255,255,0
219,cerebral_white_matter,0,226,0,0
220,cerebral_cortex,205,63,78,0
221,inf_lat_vent,197,58,250,0
222,perirhinal,33,150,250,0
223,cerebral_white_matter_edge,226,0,0,0
224,background,100,100,100,0
225,ectorhinal,197,150,250,0
226,hp_tail,170,170,255,0
227,polymorphic_layer,128,255,128,0
228,intracellular_space,204,153,204,0
229,molecular_layer_dg,168,0,0,0
230,prosubiculum,252,132,8,0
231,hp_body,0,255,0,0
232,hp_head,255,0,0,0
233,presubiculum_head,32,0,32,0
234,presubiculum_body,64,0,64,0
235,subiculum_head,0,0,175,0
236,subiculum_body,0,0,255,0
237,ca1_head,175,75,75,0
238,ca1_body,255,0,0,0
239,ca3_head,0,80,0,0
240,ca3_body,0,128,0,0
241,ca4_head,120,90,50,0
242,ca4_body,196,160,128,0
243,gc_ml_dg_head,75,125,175,0
244,gc_ml_dg_body,32,200,255,0
245,molecular_layer_hp_head,100,25,25,0
246,molecular_layer_hp_body,128,0,0,0
247,freezesurface,10,100,100,0
250,fornix,255,0,0,0
251,cc_posterior,0,0,64,0
252,cc_mid_posterior,0,0,112,0
253,cc_central,0,0,160,0
254,cc_mid_anterior,0,0,208,0
255,cc_anterior,0,0,255,0
256,voxel_unchanged,0,0,0,0
257,csf_extracerebral,60,60,60,0
258,head_extracerebral,150,150,200,0
259,eye_fluid,60,60,60,0
260,boneorair,119,159,176,0
261,possiblefluid,120,18,134,0
262,sinus,196,160,128,0
263,left_eustachian,119,159,176,0
264,right_eustachian,119,159,176,0
265,left_eyeball,60,60,60,0
266,right_eyeball,60,60,60,0
270,ctx_lh_infragranular,205,70,78,0
271,ctx_lh_layer1,210,80,78,0
272,ctx_lh_layer2,215,90,78,0
273,ctx_lh_layer3,220,100,78,0
274,ctx_lh_layer4,225,110,78,0
275,ctx_lh_layer5,230,120,78,0
276,ctx_lh_layer6,235,135,78,0
277,ctx_lh_supragranular,240,140,78,0
331,aorta,255,0,0,0
332,left_common_iliaca,255,80,0,0
333,right_common_iliaca,255,160,0,0
334,left_external_iliaca,255,255,0,0
335,right_external_iliaca,0,255,0,0
336,left_internal_iliaca,255,0,160,0
337,right_internal_iliaca,255,0,255,0
338,left_lateral_sacrala,255,50,80,0
339,right_lateral_sacrala,80,255,50,0
340,left_obturatora,160,255,50,0
341,right_obturatora,160,200,255,0
342,left_internal_pudendala,0,255,160,0
343,right_internal_pudendala,0,0,255,0
344,left_umbilicala,80,50,255,0
345,right_umbilicala,160,0,255,0
346,left_inf_rectala,255,210,0,0
347,right_inf_rectala,0,160,255,0
348,left_common_iliacv,255,200,80,0
349,right_common_iliacv,255,200,160,0
350,left_external_iliacv,255,80,200,0
351,right_external_iliacv,255,160,200,0
352,left_internal_iliacv,30,255,80,0
353,right_internal_iliacv,80,200,255,0
354,left_obturatorv,80,255,200,0
355,right_obturatorv,195,255,200,0
356,left_internal_pudendalv,120,200,20,0
357,right_internal_pudendalv,170,10,200,0
358,pos_lymph,20,130,180,0
359,neg_lymph,20,180,130,0
370,ctx_rh_infragranular,205,70,130,0
371,ctx_rh_layer1,210,80,130,0
372,ctx_rh_layer2,215,90,130,0
373,ctx_rh_layer3,220,100,130,0
374,ctx_rh_layer4,225,110,130,0
375,ctx_rh_layer5,230,120,130,0
376,ctx_rh_layer6,235,135,130,0
377,ctx_rh_supragranular,240,140,130,0
400,v1,206,62,78,0
401,v2,121,18,134,0
402,ba44,199,58,250,0
403,ba45,1,148,0,0
404,ba4a,221,248,164,0
405,ba4p,231,148,34,0
406,ba6,1,118,14,0
407,ba2,120,118,14,0
408,ba1_old,123,186,221,0
409,baun2,238,13,177,0
410,ba1,123,186,220,0
411,ba2b,138,13,206,0
412,ba3a,238,130,176,0
413,ba3b,218,230,76,0
414,mt,38,213,176,0
415,aips_aip_l,1,225,176,0
416,aips_aip_r,1,225,176,0
417,aips_vip_l,200,2,100,0
418,aips_vip_r,200,2,100,0
419,ipl_pfcm_l,5,200,90,0
420,ipl_pfcm_r,5,200,90,0
421,ipl_pf_l,100,5,200,0
422,ipl_pfm_l,25,255,100,0
423,ipl_pfm_r,25,255,100,0
424,ipl_pfop_l,230,7,100,0
425,ipl_pfop_r,230,7,100,0
426,ipl_pf_r,100,5,200,0
427,ipl_pft_l,150,10,200,0
428,ipl_pft_r,150,10,200,0
429,ipl_pga_l,175,10,176,0
430,ipl_pga_r,175,10,176,0
431,ipl_pgp_l,10,100,255,0
432,ipl_pgp_r,10,100,255,0
433,visual_v3d_l,150,45,70,0
434,visual_v3d_r,150,45,70,0
435,visual_v4_l,45,200,15,0
436,visual_v4_r,45,200,15,0
437,visual_v5_b,227,45,100,0
438,visual_vp_l,227,45,100,0
439,visual_vp_r,227,45,100,0
498,wmsa,143,188,143,0
499,other_wmsa,255,248,220,0
500,right_ca2_3,17,85,136,0
501,right_alveus,119,187,102,0
502,right_ca1,204,68,34,0
503,right_fimbria,204,0,255,0
504,right_presubiculum,221,187,17,0
505,right_hippocampal_fissure,153,221,238,0
506,right_ca4_dg,51,17,17,0
507,right_subiculum,0,119,85,0
508,right_fornix,20,100,200,0
550,left_ca2_3,17,85,137,0
551,left_alveus,119,187,103,0
552,left_ca1,204,68,35,0
553,left_fimbria,204,0,254,0
554,left_presubiculum,221,187,16,0
555,left_hippocampal_fissure,153,221,239,0
556,left_ca4_dg,51,17,18,0
557,left_subiculum,0,119,86,0
558,left_fornix,20,100,201,0
600,tumor,254,254,254,0
601,cbm_left_i_iv,70,130,180,0
602,cbm_right_i_iv,245,245,245,0
603,cbm_left_v,205,62,78,0
604,cbm_right_v,120,18,134,0
605,cbm_left_vi,196,58,250,0
606,cbm_vermis_vi,0,148,0,0
607,cbm_right_vi,220,248,164,0
608,cbm_left_crusi,230,148,34,0
609,cbm_vermis_crusi,0,118,14,0
610,cbm_right_crusi,0,118,14,0
611,cbm_left_crusii,122,186,220,0
612,cbm_vermis_crusii,236,13,176,0
613,cbm_right_crusii,12,48,255,0
614,cbm_left_viib,204,182,142,0
615,cbm_vermis_viib,42,204,164,0
616,cbm_right_viib,119,159,176,0
617,cbm_left_viiia,220,216,20,0
618,cbm_vermis_viiia,103,255,255,0
619,cbm_right_viiia,80,196,98,0
620,cbm_left_viiib,60,58,210,0
621,cbm_vermis_viiib,60,58,210,0
622,cbm_right_viiib,60,58,210,0
623,cbm_left_ix,60,58,210,0
624,cbm_vermis_ix,60,60,60,0
625,cbm_right_ix,255,165,0,0
626,cbm_left_x,255,165,0,0
627,cbm_vermis_x,0,255,127,0
628,cbm_right_x,165,42,42,0
640,cbm_right_i_v_med,204,0,0,0
641,cbm_right_i_v_mid,255,0,0,0
642,cbm_right_vi_med,0,0,255,0
643,cbm_right_vi_mid,30,144,255,0
644,cbm_right_vi_lat,100,212,237,0
645,cbm_right_crusi_med,218,165,32,0
646,cbm_right_crusi_mid,255,215,0,0
647,cbm_right_crusi_lat,255,255,166,0
648,cbm_right_crusii_med,153,0,204,0
649,cbm_right_crusii_mid,153,141,209,0
650,cbm_right_crusii_lat,204,204,255,0
651,cbm_right_7med,31,212,194,0
652,cbm_right_7mid,3,255,237,0
653,cbm_right_7lat,204,255,255,0
654,cbm_right_8med,86,74,147,0
655,cbm_right_8mid,114,114,190,0
656,cbm_right_8lat,184,178,255,0
657,cbm_right_puns,126,138,37,0
658,cbm_right_tons,189,197,117,0
659,cbm_right_flos,240,230,140,0
660,cbm_left_i_v_med,204,0,0,0
661,cbm_left_i_v_mid,255,0,0,0
662,cbm_left_vi_med,0,0,255,0
663,cbm_left_vi_mid,30,144,255,0
664,cbm_left_vi_lat,100,212,237,0
665,cbm_left_crusi_med,218,165,32,0
666,cbm_left_crusi_mid,255,215,0,0
667,cbm_left_crusi_lat,255,255,166,0
668,cbm_left_crusii_med,153,0,204,0
669,cbm_left_crusii_mid,153,141,209,0
670,cbm_left_crusii_lat,204,204,255,0
671,cbm_left_7med,31,212,194,0
672,cbm_left_7mid,3,255,237,0
673,cbm_left_7lat,204,255,255,0
674,cbm_left_8med,86,74,147,0
675,cbm_left_8mid,114,114,190,0
676,cbm_left_8lat,184,178,255,0
677,cbm_left_puns,126,138,37,0
678,cbm_left_tons,189,197,117,0
679,cbm_left_flos,240,230,140,0
690,cbmwm_gyri_left,122,135,50,0
691,cbmwm_gyri_right,122,135,50,0
701,csf_fsl_fast,120,18,134,0
702,graymatter_fsl_fast,205,62,78,0
703,whitematter_fsl_fast,0,225,0,0
801,l_hypothalamus_anterior_inferior,250,255,50,0
802,l_hypothalamus_anterior_superior,80,200,255,0
803,l_hypothalamus_posterior,255,160,0,0
804,l_hypothalamus_tubular_inferior,255,160,200,0
805,l_hypothalamus_tubular_superior,20,180,130,0
806,r_hypothalamus_anterior_inferior,250,255,50,0
807,r_hypothalamus_anterior_superior,80,200,255,0
808,r_hypothalamus_posterior,255,160,0,0
809,r_hypothalamus_tubular_inferior,255,160,200,0
810,r_hypothalamus_tubular_superior,20,180,130,0
901,air_internal,0,170,0,0
902,artery,204,0,0,255
906,eyeballs,230,189,66,255
907,other_tissues,85,85,0,0
908,rectus_muscles,190,50,73,255
909,mucosa,255,160,188,255
911,skin,85,85,85,0
912,charm_spinal_cord,0,187,169,255
914,vein,0,84,255,255
915,bone_cortical,0,85,0,0
916,bone_cancellous,190,156,120,255
917,charm_background,0,168,255,255
920,cortical_csf,120,133,217,255
930,optic_nerve,0,191,122,255
999,suspicious,255,100,100,0
1000,ctx_lh_unknown,25,5,25,0
1001,ctx_lh_bankssts,25,100,40,0
1002,ctx_lh_caudalanteriorcingulate,125,100,160,0
1003,ctx_lh_caudalmiddlefrontal,100,25,0,0
1004,ctx_lh_corpuscallosum,120,70,50,0
1005,ctx_lh_cuneus,220,20,100,0
1006,ctx_lh_entorhinal,220,20,10,0
1007,ctx_lh_fusiform,180,220,140,0
1008,ctx_lh_inferiorparietal,220,60,220,0
1009,ctx_lh_inferiortemporal,180,40,120,0
1010,ctx_lh_isthmuscingulate,140,20,140,0
1011,ctx_lh_lateraloccipital,20,30,140,0
1012,ctx_lh_lateralorbitofrontal,35,75,50,0
1013,ctx_lh_lingual,225,140,140,0
1014,ctx_lh_medialorbitofrontal,200,35,75,0
1015,ctx_lh_middletemporal,160,100,50,0
1016,ctx_lh_parahippocampal,20,220,60,0
1017,ctx_lh_paracentral,60,220,60,0
1018,ctx_lh_parsopercularis,220,180,140,0
1019,ctx_lh_parsorbitalis,20,100,50,0
1020,ctx_lh_parstriangularis,220,60,20,0
1021,ctx_lh_pericalcarine,120,100,60,0
1022,ctx_lh_postcentral,220,20,20,0
1023,ctx_lh_posteriorcingulate,220,180,220,0
1024,ctx_lh_precentral,60,20,220,0
1025,ctx_lh_precuneus,160,140,180,0
1026,ctx_lh_rostralanteriorcingulate,80,20,140,0
1027,ctx_lh_rostralmiddlefrontal,75,50,125,0
1028,ctx_lh_superiorfrontal,20,220,160,0
1029,ctx_lh_superiorparietal,20,180,140,0
1030,ctx_lh_superiortemporal,140,220,220,0
1031,ctx_lh_supramarginal,80,160,20,0
1032,ctx_lh_frontalpole,100,0,100,0
1033,ctx_lh_temporalpole,70,70,70,0
1034,ctx_lh_transversetemporal,150,150,200,0
1035,ctx_lh_insula,255,192,32,0
1100,ctx_lh_unknown,0,0,0,0
1101,ctx_lh_corpus_callosum,50,50,50,0
1102,ctx_lh_g_and_s_insula_only_average,180,20,30,0
1103,ctx_lh_g_cingulate_isthmus,60,25,25,0
1104,ctx_lh_g_cingulate_main_part,25,60,60,0
1105,ctx_lh_g_cuneus,180,20,20,0
1106,ctx_lh_g_frontal_inf_opercular_part,220,20,100,0
1107,ctx_lh_g_frontal_inf_orbital_part,140,60,60,0
1108,ctx_lh_g_frontal_inf_triangular_part,180,220,140,0
1109,ctx_lh_g_frontal_middle,140,100,180,0
1110,ctx_lh_g_frontal_superior,180,20,140,0
1111,ctx_lh_g_frontomarginal,140,20,140,0
1112,ctx_lh_g_insular_long,21,10,10,0
1113,ctx_lh_g_insular_short,225,140,140,0
1114,ctx_lh_g_and_s_occipital_inferior,23,60,180,0
1115,ctx_lh_g_occipital_middle,180,60,180,0
1116,ctx_lh_g_occipital_superior,20,220,60,0
1117,ctx_lh_g_occipit_temp_lat_or_fusiform,60,20,140,0
1118,ctx_lh_g_occipit_temp_med_lingual_part,220,180,140,0
1119,ctx_lh_g_occipit_temp_med_parahippocampal_part,65,100,20,0
1120,ctx_lh_g_orbital,220,60,20,0
1121,ctx_lh_g_paracentral,60,100,60,0
1122,ctx_lh_g_parietal_inferior_angular_part,20,60,220,0
1123,ctx_lh_g_parietal_inferior_supramarginal_part,100,100,60,0
1124,ctx_lh_g_parietal_superior,220,180,220,0
1125,ctx_lh_g_postcentral,20,180,140,0
1126,ctx_lh_g_precentral,60,140,180,0
1127,ctx_lh_g_precuneus,25,20,140,0
1128,ctx_lh_g_rectus,20,60,100,0
1129,ctx_lh_g_subcallosal,60,220,20,0
1130,ctx_lh_g_subcentral,60,20,220,0
1131,ctx_lh_g_temporal_inferior,220,220,100,0
1132,ctx_lh_g_temporal_middle,180,60,60,0
1133,ctx_lh_g_temp_sup_g_temp_transv_and_interm_s,60,60,220,0
1134,ctx_lh_g_temp_sup_lateral_aspect,220,60,220,0
1135,ctx_lh_g_temp_sup_planum_polare,65,220,60,0
1136,ctx_lh_g_temp_sup_planum_tempolare,25,140,20,0
1137,ctx_lh_g_and_s_transverse_frontopolar,13,0,250,0
1138,ctx_lh_lat_fissure_ant_sgt_ramus_horizontal,61,20,220,0
1139,ctx_lh_lat_fissure_ant_sgt_ramus_vertical,61,20,60,0
1140,ctx_lh_lat_fissure_post_sgt,61,60,100,0
1141,ctx_lh_medial_wall,25,25,25,0
1142,ctx_lh_pole_occipital,140,20,60,0
1143,ctx_lh_pole_temporal,220,180,20,0
1144,ctx_lh_s_calcarine,63,180,180,0
1145,ctx_lh_s_central,221,20,10,0
1146,ctx_lh_s_central_insula,21,220,20,0
1147,ctx_lh_s_cingulate_main_part_and_intracingulate,183,100,20,0
1148,ctx_lh_s_cingulate_marginalis_part,221,20,100,0
1149,ctx_lh_s_circular_insula_anterior,221,60,140,0
1150,ctx_lh_s_circular_insula_inferior,221,20,220,0
1151,ctx_lh_s_circular_insula_superior,61,220,220,0
1152,ctx_lh_s_collateral_transverse_ant,100,200,200,0
1153,ctx_lh_s_collateral_transverse_post,10,200,200,0
1154,ctx_lh_s_frontal_inferior,221,220,20,0
1155,ctx_lh_s_frontal_middle,141,20,100,0
1156,ctx_lh_s_frontal_superior,61,220,100,0
1157,ctx_lh_s_frontomarginal,21,220,60,0
1158,ctx_lh_s_intermedius_primus_jensen,141,60,20,0
1159,ctx_lh_s_intraparietal_and_parietal_transverse,143,20,220,0
1160,ctx_lh_s_occipital_anterior,61,20,180,0
1161,ctx_lh_s_occipital_middle_and_lunatus,101,60,220,0
1162,ctx_lh_s_occipital_superior_and_transversalis,21,20,140,0
1163,ctx_lh_s_occipito_temporal_lateral,221,140,20,0
1164,ctx_lh_s_occipito_temporal_medial_and_s_lingual,141,100,220,0
1165,ctx_lh_s_orbital_h_shapped,101,20,20,0
1166,ctx_lh_s_orbital_lateral,221,100,20,0
1167,ctx_lh_s_orbital_medial_or_olfactory,181,200,20,0
1168,ctx_lh_s_paracentral,21,180,140,0
1169,ctx_lh_s_parieto_occipital,101,100,180,0
1170,ctx_lh_s_pericallosal,181,220,20,0
1171,ctx_lh_s_postcentral,21,140,200,0
1172,ctx_lh_s_precentral_inferior_part,21,20,240,0
1173,ctx_lh_s_precentral_superior_part,21,20,200,0
1174,ctx_lh_s_subcentral_ant,61,180,60,0
1175,ctx_lh_s_subcentral_post,61,180,250,0
1176,ctx_lh_s_suborbital,21,20,60,0
1177,ctx_lh_s_subparietal,101,60,60,0
1178,ctx_lh_s_supracingulate,21,220,220,0
1179,ctx_lh_s_temporal_inferior,21,180,180,0
1180,ctx_lh_s_temporal_superior,223,220,60,0
1181,ctx_lh_s_temporal_transverse,221,60,60,0
1200,ctx_lh_g_cingulate_caudal_acc,25,60,61,0
1201,ctx_lh_g_cingulate_rostral_acc,25,90,60,0
1202,ctx_lh_g_cingulate_posterior,25,120,60,0
1205,ctx_lh_s_cingulate_caudal_acc,25,150,60,0
1206,ctx_lh_s_cingulate_rostral_acc,25,180,60,0
1207,ctx_lh_s_cingulate_posterior,25,210,60,0
1210,ctx_lh_s_pericallosal_caudal,25,150,90,0
1211,ctx_lh_s_pericallosal_rostral,25,180,90,0
1212,ctx_lh_s_pericallosal_posterior,25,210,90,0
1301,ctx_lh_frontal_lobe,25,100,40,0
1303,ctx_lh_cingulate_lobe,100,25,0,0
1304,ctx_lh_occipital_lobe,120,70,50,0
1305,ctx_lh_temporal_lobe,220,20,100,0
1306,ctx_lh_parietal_lobe,220,20,10,0
1307,ctx_lh_insula_lobe,255,192,32,0
2000,ctx_rh_unknown,25,5,25,0
2001,ctx_rh_bankssts,25,100,40,0
2002,ctx_rh_caudalanteriorcingulate,125,100,160,0
2003,ctx_rh_caudalmiddlefrontal,100,25,0,0
2004,ctx_rh_corpuscallosum,120,70,50,0
2005,ctx_rh_cuneus,220,20,100,0
2006,ctx_rh_entorhinal,220,20,10,0
2007,ctx_rh_fusiform,180,220,140,0
2008,ctx_rh_inferiorparietal,220,60,220,0
2009,ctx_rh_inferiortemporal,180,40,120,0
2010,ctx_rh_isthmuscingulate,140,20,140,0
2011,ctx_rh_lateraloccipital,20,30,140,0
2012,ctx_rh_lateralorbitofrontal,35,75,50,0
2013,ctx_rh_lingual,225,140,140,0
2014,ctx_rh_medialorbitofrontal,200,35,75,0
2015,ctx_rh_middletemporal,160,100,50,0
2016,ctx_rh_parahippocampal,20,220,60,0
2017,ctx_rh_paracentral,60,220,60,0
2018,ctx_rh_parsopercularis,220,180,140,0
2019,ctx_rh_parsorbitalis,20,100,50,0
2020,ctx_rh_parstriangularis,220,60,20,0
2021,ctx_rh_pericalcarine,120,100,60,0
2022,ctx_rh_postcentral,220,20,20,0
2023,ctx_rh_posteriorcingulate,220,180,220,0
2024,ctx_rh_precentral,60,20,220,0
2025,ctx_rh_precuneus,160,140,180,0
2026,ctx_rh_rostralanteriorcingulate,80,20,140,0
2027,ctx_rh_rostralmiddlefrontal,75,50,125,0
2028,ctx_rh_superiorfrontal,20,220,160,0
2029,ctx_rh_superiorparietal,20,180,140,0
2030,ctx_rh_superiortemporal,140,220,220,0
2031,ctx_rh_supramarginal,80,160,20,0
2032,ctx_rh_frontalpole,100,0,100,0
2033,ctx_rh_temporalpole,70,70,70,0
2034,ctx_rh_transversetemporal,150,150,200,0
2035,ctx_rh_insula,255,192,32,0
2100,ctx_rh_unknown,0,0,0,0
2101,ctx_rh_corpus_callosum,50,50,50,0
2102,ctx_rh_g_and_s_insula_only_average,180,20,30,0
2103,ctx_rh_g_cingulate_isthmus,60,25,25,0
2104,ctx_rh_g_cingulate_main_part,25,60,60,0
2105,ctx_rh_g_cuneus,180,20,20,0
2106,ctx_rh_g_frontal_inf_opercular_part,220,20,100,0
2107,ctx_rh_g_frontal_inf_orbital_part,140,60,60,0
2108,ctx_rh_g_frontal_inf_triangular_part,180,220,140,0
2109,ctx_rh_g_frontal_middle,140,100,180,0
2110,ctx_rh_g_frontal_superior,180,20,140,0
2111,ctx_rh_g_frontomarginal,140,20,140,0
2112,ctx_rh_g_insular_long,21,10,10,0
2113,ctx_rh_g_insular_short,225,140,140,0
2114,ctx_rh_g_and_s_occipital_inferior,23,60,180,0
2115,ctx_rh_g_occipital_middle,180,60,180,0
2116,ctx_rh_g_occipital_superior,20,220,60,0
2117,ctx_rh_g_occipit_temp_lat_or_fusiform,60,20,140,0
2118,ctx_rh_g_occipit_temp_med_lingual_part,220,180,140,0
2119,ctx_rh_g_occipit_temp_med_parahippocampal_part,65,100,20,0
2120,ctx_rh_g_orbital,220,60,20,0
2121,ctx_rh_g_paracentral,60,100,60,0
2122,ctx_rh_g_parietal_inferior_angular_part,20,60,220,0
2123,ctx_rh_g_parietal_inferior_supramarginal_part,100,100,60,0
2124,ctx_rh_g_parietal_superior,220,180,220,0
2125,ctx_rh_g_postcentral,20,180,140,0
2126,ctx_rh_g_precentral,60,140,180,0
2127,ctx_rh_g_precuneus,25,20,140,0
2128,ctx_rh_g_rectus,20,60,100,0
2129,ctx_rh_g_subcallosal,60,220,20,0
2130,ctx_rh_g_subcentral,60,20,220,0
2131,ctx_rh_g_temporal_inferior,220,220,100,0
2132,ctx_rh_g_temporal_middle,180,60,60,0
2133,ctx_rh_g_temp_sup_g_temp_transv_and_interm_s,60,60,220,0
2134,ctx_rh_g_temp_sup_lateral_aspect,220,60,220,0
2135,ctx_rh_g_temp_sup_planum_polare,65,220,60,0
2136,ctx_rh_g_temp_sup_planum_tempolare,25,140,20,0
2137,ctx_rh_g_and_s_transverse_frontopolar,13,0,250,0
2138,ctx_rh_lat_fissure_ant_sgt_ramus_horizontal,61,20,220,0
2139,ctx_rh_lat_fissure_ant_sgt_ramus_vertical,61,20,60,0
2140,ctx_rh_lat_fissure_post_sgt,61,60,100,0
2141,ctx_rh_medial_wall,25,25,25,0
2142,ctx_rh_pole_occipital,140,20,60,0
2143,ctx_rh_pole_temporal,220,180,20,0
2144,ctx_rh_s_calcarine,63,180,180,0
2145,ctx_rh_s_central,221,20,10,0
2146,ctx_rh_s_central_insula,21,220,20,0
2147,ctx_rh_s_cingulate_main_part_and_intracingulate,183,100,20,0
2148,ctx_rh_s_cingulate_marginalis_part,221,20,100,0
2149,ctx_rh_s_circular_insula_anterior,221,60,140,0
2150,ctx_rh_s_circular_insula_inferior,221,20,220,0
2151,ctx_rh_s_circular_insula_superior,61,220,220,0
2152,ctx_rh_s_collateral_transverse_ant,100,200,200,0
2153,ctx_rh_s_collateral_transverse_post,10,200,200,0
2154,ctx_rh_s_frontal_inferior,221,220,20,0
2155,ctx_rh_s_frontal_middle,141,20,100,0
2156,ctx_rh_s_frontal_superior,61,220,100,0
2157,ctx_rh_s_frontomarginal,21,220,60,0
2158,ctx_rh_s_intermedius_primus_jensen,141,60,20,0
2159,ctx_rh_s_intraparietal_and_parietal_transverse,143,20,220,0
2160,ctx_rh_s_occipital_anterior,61,20,180,0
2161,ctx_rh_s_occipital_middle_and_lunatus,101,60,220,0
2162,ctx_rh_s_occipital_superior_and_transversalis,21,20,140,0
2163,ctx_rh_s_occipito_temporal_lateral,221,140,20,0
2164,ctx_rh_s_occipito_temporal_medial_and_s_lingual,141,100,220,0
2165,ctx_rh_s_orbital_h_shapped,101,20,20,0
2166,ctx_rh_s_orbital_lateral,221,100,20,0
2167,ctx_rh_s_orbital_medial_or_olfactory,181,200,20,0
2168,ctx_rh_s_paracentral,21,180,140,0
2169,ctx_rh_s_parieto_occipital,101,100,180,0
2170,ctx_rh_s_pericallosal,181,220,20,0
2171,ctx_rh_s_postcentral,21,140,200,0
2172,ctx_rh_s_precentral_inferior_part,21,20,240,0
2173,ctx_rh_s_precentral_superior_part,21,20,200,0
2174,ctx_rh_s_subcentral_ant,61,180,60,0
2175,ctx_rh_s_subcentral_post,61,180,250,0
2176,ctx_rh_s_suborbital,21,20,60,0
2177,ctx_rh_s_subparietal,101,60,60,0
2178,ctx_rh_s_supracingulate,21,220,220,0
2179,ctx_rh_s_temporal_inferior,21,180,180,0
2180,ctx_rh_s_temporal_superior,223,220,60,0
2181,ctx_rh_s_temporal_transverse,221,60,60,0
2200,ctx_rh_g_cingulate_caudal_acc,25,60,61,0
2201,ctx_rh_g_cingulate_rostral_acc,25,90,60,0
2202,ctx_rh_g_cingulate_posterior,25,120,60,0
2205,ctx_rh_s_cingulate_caudal_acc,25,150,60,0
2206,ctx_rh_s_cingulate_rostral_acc,25,180,60,0
2207,ctx_rh_s_cingulate_posterior,25,210,60,0
2210,ctx_rh_s_pericallosal_caudal,25,150,90,0
2211,ctx_rh_s_pericallosal_rostral,25,180,90,0
2212,ctx_rh_s_pericallosal_posterior,25,210,90,0
2301,ctx_rh_frontal_lobe,25,100,40,0
2303,ctx_rh_cingulate_lobe,100,25,0,0
2304,ctx_rh_occipital_lobe,120,70,50,0
2305,ctx_rh_temporal_lobe,220,20,100,0
2306,ctx_rh_parietal_lobe,220,20,10,0
2307,ctx_rh_insula_lobe,255,192,32,0
3000,wm_lh_unknown,230,250,230,0
3001,wm_lh_bankssts,230,155,215,0
3002,wm_lh_caudalanteriorcingulate,130,155,95,0
3003,wm_lh_caudalmiddlefrontal,155,230,255,0
3004,wm_lh_corpuscallosum,135,185,205,0
3005,wm_lh_cuneus,35,235,155,0
3006,wm_lh_entorhinal,35,235,245,0
3007,wm_lh_fusiform,75,35,115,0
3008,wm_lh_inferiorparietal,35,195,35,0
3009,wm_lh_inferiortemporal,75,215,135,0
3010,wm_lh_isthmuscingulate,115,235,115,0
3011,wm_lh_lateraloccipital,235,225,115,0
3012,wm_lh_lateralorbitofrontal,220,180,205,0
3013,wm_lh_lingual,30,115,115,0
3014,wm_lh_medialorbitofrontal,55,220,180,0
3015,wm_lh_middletemporal,95,155,205,0
3016,wm_lh_parahippocampal,235,35,195,0
3017,wm_lh_paracentral,195,35,195,0
3018,wm_lh_parsopercularis,35,75,115,0
3019,wm_lh_parsorbitalis,235,155,205,0
3020,wm_lh_parstriangularis,35,195,235,0
3021,wm_lh_pericalcarine,135,155,195,0
3022,wm_lh_postcentral,35,235,235,0
3023,wm_lh_posteriorcingulate,35,75,35,0
3024,wm_lh_precentral,195,235,35,0
3025,wm_lh_precuneus,95,115,75,0
3026,wm_lh_rostralanteriorcingulate,175,235,115,0
3027,wm_lh_rostralmiddlefrontal,180,205,130,0
3028,wm_lh_superiorfrontal,235,35,95,0
3029,wm_lh_superiorparietal,235,75,115,0
3030,wm_lh_superiortemporal,115,35,35,0
3031,wm_lh_supramarginal,175,95,235,0
3032,wm_lh_frontalpole,155,255,155,0
3033,wm_lh_temporalpole,185,185,185,0
3034,wm_lh_transversetemporal,105,105,55,0
3035,wm_lh_insula,20,220,160,0
3100,wm_lh_unknown,0,0,0,0
3101,wm_lh_corpus_callosum,50,50,50,0
3102,wm_lh_g_and_s_insula_only_average,180,20,30,0
3103,wm_lh_g_cingulate_isthmus,60,25,25,0
3104,wm_lh_g_cingulate_main_part,25,60,60,0
3105,wm_lh_g_cuneus,180,20,20,0
3106,wm_lh_g_frontal_inf_opercular_part,220,20,100,0
3107,wm_lh_g_frontal_inf_orbital_part,140,60,60,0
3108,wm_lh_g_frontal_inf_triangular_part,180,220,140,0
3109,wm_lh_g_frontal_middle,140,100,180,0
3110,wm_lh_g_frontal_superior,180,20,140,0
3111,wm_lh_g_frontomarginal,140,20,140,0
3112,wm_lh_g_insular_long,21,10,10,0
3113,wm_lh_g_insular_short,225,140,140,0
3114,wm_lh_g_and_s_occipital_inferior,23,60,180,0
3115,wm_lh_g_occipital_middle,180,60,180,0
3116,wm_lh_g_occipital_superior,20,220,60,0
3117,wm_lh_g_occipit_temp_lat_or_fusiform,60,20,140,0
3118,wm_lh_g_occipit_temp_med_lingual_part,220,180,140,0
3119,wm_lh_g_occipit_temp_med_parahippocampal_part,65,100,20,0
3120,wm_lh_g_orbital,220,60,20,0
3121,wm_lh_g_paracentral,60,100,60,0
3122,wm_lh_g_parietal_inferior_angular_part,20,60,220,0
3123,wm_lh_g_parietal_inferior_supramarginal_part,100,100,60,0
3124,wm_lh_g_parietal_superior,220,180,220,0
3125,wm_lh_g_postcentral,20,180,140,0
3126,wm_lh_g_precentral,60,140,180,0
3127,wm_lh_g_precuneus,25,20,140,0
3128,wm_lh_g_rectus,20,60,100,0
3129,wm_lh_g_subcallosal,60,220,20,0
3130,wm_lh_g_subcentral,60,20,220,0
3131,wm_lh_g_temporal_inferior,220,220,100,0
3132,wm_lh_g_temporal_middle,180,60,60,0
3133,wm_lh_g_temp_sup_g_temp_transv_and_interm_s,60,60,220,0
3134,wm_lh_g_temp_sup_lateral_aspect,220,60,220,0
3135,wm_lh_g_temp_sup_planum_polare,65,220,60,0
3136,wm_lh_g_temp_sup_planum_tempolare,25,140,20,0
3137,wm_lh_g_and_s_transverse_frontopolar,13,0,250,0
3138,wm_lh_lat_fissure_ant_sgt_ramus_horizontal,61,20,220,0
3139,wm_lh_lat_fissure_ant_sgt_ramus_vertical,61,20,60,0
3140,wm_lh_lat_fissure_post_sgt,61,60,100,0
3141,wm_lh_medial_wall,25,25,25,0
3142,wm_lh_pole_occipital,140,20,60,0
3143,wm_lh_pole_temporal,220,180,20,0
3144,wm_lh_s_calcarine,63,180,180,0
3145,wm_lh_s_central,221,20,10,0
3146,wm_lh_s_central_insula,21,220,20,0
3147,wm_lh_s_cingulate_main_part_and_intracingulate,183,100,20,0
3148,wm_lh_s_cingulate_marginalis_part,221,20,100,0
3149,wm_lh_s_circular_insula_anterior,221,60,140,0
3150,wm_lh_s_circular_insula_inferior,221,20,220,0
3151,wm_lh_s_circular_insula_superior,61,220,220,0
3152,wm_lh_s_collateral_transverse_ant,100,200,200,0
3153,wm_lh_s_collateral_transverse_post,10,200,200,0
3154,wm_lh_s_frontal_inferior,221,220,20,0
3155,wm_lh_s_frontal_middle,141,20,100,0
3156,wm_lh_s_frontal_superior,61,220,100,0
3157,wm_lh_s_frontomarginal,21,220,60,0
3158,wm_lh_s_intermedius_primus_jensen,141,60,20,0
3159,wm_lh_s_intraparietal_and_parietal_transverse,143,20,220,0
3160,wm_lh_s_occipital_anterior,61,20,180,0
3161,wm_lh_s_occipital_middle_and_lunatus,101,60,220,0
3162,wm_lh_s_occipital_superior_and_transversalis,21,20,140,0
3163,wm_lh_s_occipito_temporal_lateral,221,140,20,0
3164,wm_lh_s_occipito_temporal_medial_and_s_lingual,141,100,220,0
3165,wm_lh_s_orbital_h_shapped,101,20,20,0
3166,wm_lh_s_orbital_lateral,221,100,20,0
3167,wm_lh_s_orbital_medial_or_olfactory,181,200,20,0
3168,wm_lh_s_paracentral,21,180,140,0
3169,wm_lh_s_parieto_occipital,101,100,180,0
3170,wm_lh_s_pericallosal,181,220,20,0
3171,wm_lh_s_postcentral,21,140,200,0
3172,wm_lh_s_precentral_inferior_part,21,20,240,0
3173,wm_lh_s_precentral_superior_part,21,20,200,0
3174,wm_lh_s_subcentral_ant,61,180,60,0
3175,wm_lh_s_subcentral_post,61,180,250,0
3176,wm_lh_s_suborbital,21,20,60,0
3177,wm_lh_s_subparietal,101,60,60,0
3178,wm_lh_s_supracingulate,21,220,220,0
3179,wm_lh_s_temporal_inferior,21,180,180,0
3180,wm_lh_s_temporal_superior,223,220,60,0
3181,wm_lh_s_temporal_transverse,221,60,60,0
3201,wm_lh_frontal_lobe,235,35,95,0
3203,wm_lh_cingulate_lobe,35,75,35,0
3204,wm_lh_occipital_lobe,135,155,195,0
3205,wm_lh_temporal_lobe,115,35,35,0
3206,wm_lh_parietal_lobe,35,195,35,0
3207,wm_lh_insula_lobe,20,220,160,0
4000,wm_rh_unknown,230,250,230,0
4001,wm_rh_bankssts,230,155,215,0
4002,wm_rh_caudalanteriorcingulate,130,155,95,0
4003,wm_rh_caudalmiddlefrontal,155,230,255,0
4004,wm_rh_corpuscallosum,135,185,205,0
4005,wm_rh_cuneus,35,235,155,0
4006,wm_rh_entorhinal,35,235,245,0
4007,wm_rh_fusiform,75,35,115,0
4008,wm_rh_inferiorparietal,35,195,35,0
4009,wm_rh_inferiortemporal,75,215,135,0
4010,wm_rh_isthmuscingulate,115,235,115,0
4011,wm_rh_lateraloccipital,235,225,115,0
4012,wm_rh_lateralorbitofrontal,220,180,205,0
4013,wm_rh_lingual,30,115,115,0
4014,wm_rh_medialorbitofrontal,55,220,180,0
4015,wm_rh_middletemporal,95,155,205,0
4016,wm_rh_parahippocampal,235,35,195,0
4017,wm_rh_paracentral,195,35,195,0
4018,wm_rh_parsopercularis,35,75,115,0
4019,wm_rh_parsorbitalis,235,155,205,0
4020,wm_rh_parstriangularis,35,195,235,0
4021,wm_rh_pericalcarine,135,155,195,0
4022,wm_rh_postcentral,35,235,235,0
4023,wm_rh_posteriorcingulate,35,75,35,0
4024,wm_rh_precentral,195,235,35,0
4025,wm_rh_precuneus,95,115,75,0
4026,wm_rh_rostralanteriorcingulate,175,235,115,0
4027,wm_rh_rostralmiddlefrontal,180,205,130,0
4028,wm_rh_superiorfrontal,235,35,95,0
4029,wm_rh_superiorparietal,235,75,115,0
4030,wm_rh_superiortemporal,115,35,35,0
4031,wm_rh_supramarginal,175,95,235,0
4032,wm_rh_frontalpole,155,255,155,0
4033,wm_rh_temporalpole,185,185,185,0
4034,wm_rh_transversetemporal,105,105,55,0
4035,wm_rh_insula,20,220,160,0
4100,wm_rh_unknown,0,0,0,0
4101,wm_rh_corpus_callosum,50,50,50,0
4102,wm_rh_g_and_s_insula_only_average,180,20,30,0
4103,wm_rh_g_cingulate_isthmus,60,25,25,0
4104,wm_rh_g_cingulate_main_part,25,60,60,0
4105,wm_rh_g_cuneus,180,20,20,0
4106,wm_rh_g_frontal_inf_opercular_part,220,20,100,0
4107,wm_rh_g_frontal_inf_orbital_part,140,60,60,0
4108,wm_rh_g_frontal_inf_triangular_part,180,220,140,0
4109,wm_rh_g_frontal_middle,140,100,180,0
4110,wm_rh_g_frontal_superior,180,20,140,0
4111,wm_rh_g_frontomarginal,140,20,140,0
4112,wm_rh_g_insular_long,21,10,10,0
4113,wm_rh_g_insular_short,225,140,140,0
4114,wm_rh_g_and_s_occipital_inferior,23,60,180,0
4115,wm_rh_g_occipital_middle,180,60,180,0
4116,wm_rh_g_occipital_superior,20,220,60,0
4117,wm_rh_g_occipit_temp_lat_or_fusiform,60,20,140,0
4118,wm_rh_g_occipit_temp_med_lingual_part,220,180,140,0
4119,wm_rh_g_occipit_temp_med_parahippocampal_part,65,100,20,0
4120,wm_rh_g_orbital,220,60,20,0
4121,wm_rh_g_paracentral,60,100,60,0
4122,wm_rh_g_parietal_inferior_angular_part,20,60,220,0
4123,wm_rh_g_parietal_inferior_supramarginal_part,100,100,60,0
4124,wm_rh_g_parietal_superior,220,180,220,0
4125,wm_rh_g_postcentral,20,180,140,0
4126,wm_rh_g_precentral,60,140,180,0
4127,wm_rh_g_precuneus,25,20,140,0
4128,wm_rh_g_rectus,20,60,100,0
4129,wm_rh_g_subcallosal,60,220,20,0
4130,wm_rh_g_subcentral,60,20,220,0
4131,wm_rh_g_temporal_inferior,220,220,100,0
4132,wm_rh_g_temporal_middle,180,60,60,0
4133,wm_rh_g_temp_sup_g_temp_transv_and_interm_s,60,60,220,0
4134,wm_rh_g_temp_sup_lateral_aspect,220,60,220,0
4135,wm_rh_g_temp_sup_planum_polare,65,220,60,0
4136,wm_rh_g_temp_sup_planum_tempolare,25,140,20,0
4137,wm_rh_g_and_s_transverse_frontopolar,13,0,250,0
4138,wm_rh_lat_fissure_ant_sgt_ramus_horizontal,61,20,220,0
4139,wm_rh_lat_fissure_ant_sgt_ramus_vertical,61,20,60,0
4140,wm_rh_lat_fissure_post_sgt,61,60,100,0
4141,wm_rh_medial_wall,25,25,25,0
4142,wm_rh_pole_occipital,140,20,60,0
4143,wm_rh_pole_temporal,220,180,20,0
4144,wm_rh_s_calcarine,63,180,180,0
4145,wm_rh_s_central,221,20,10,0
4146,wm_rh_s_central_insula,21,220,20,0
4147,wm_rh_s_cingulate_main_part_and_intracingulate,183,100,20,0
4148,wm_rh_s_cingulate_marginalis_part,221,20,100,0
4149,wm_rh_s_circular_insula_anterior,221,60,140,0
4150,wm_rh_s_circular_insula_inferior,221,20,220,0
4151,wm_rh_s_circular_insula_superior,61,220,220,0
4152,wm_rh_s_collateral_transverse_ant,100,200,200,0
4153,wm_rh_s_collateral_transverse_post,10,200,200,0
4154,wm_rh_s_frontal_inferior,221,220,20,0
4155,wm_rh_s_frontal_middle,141,20,100,0
4156,wm_rh_s_frontal_superior,61,220,100,0
4157,wm_rh_s_frontomarginal,21,220,60,0
4158,wm_rh_s_intermedius_primus_jensen,141,60,20,0
4159,wm_rh_s_intraparietal_and_parietal_transverse,143,20,220,0
4160,wm_rh_s_occipital_anterior,61,20,180,0
4161,wm_rh_s_occipital_middle_and_lunatus,101,60,220,0
4162,wm_rh_s_occipital_superior_and_transversalis,21,20,140,0
4163,wm_rh_s_occipito_temporal_lateral,221,140,20,0
4164,wm_rh_s_occipito_temporal_medial_and_s_lingual,141,100,220,0
4165,wm_rh_s_orbital_h_shapped,101,20,20,0
4166,wm_rh_s_orbital_lateral,221,100,20,0
4167,wm_rh_s_orbital_medial_or_olfactory,181,200,20,0
4168,wm_rh_s_paracentral,21,180,140,0
4169,wm_rh_s_parieto_occipital,101,100,180,0
4170,wm_rh_s_pericallosal,181,220,20,0
4171,wm_rh_s_postcentral,21,140,200,0
4172,wm_rh_s_precentral_inferior_part,21,20,240,0
4173,wm_rh_s_precentral_superior_part,21,20,200,0
4174,wm_rh_s_subcentral_ant,61,180,60,0
4175,wm_rh_s_subcentral_post,61,180,250,0
4176,wm_rh_s_suborbital,21,20,60,0
4177,wm_rh_s_subparietal,101,60,60,0
4178,wm_rh_s_supracingulate,21,220,220,0
4179,wm_rh_s_temporal_inferior,21,180,180,0
4180,wm_rh_s_temporal_superior,223,220,60,0
4181,wm_rh_s_temporal_transverse,221,60,60,0
4201,wm_rh_frontal_lobe,235,35,95,0
4203,wm_rh_cingulate_lobe,35,75,35,0
4204,wm_rh_occipital_lobe,135,155,195,0
4205,wm_rh_temporal_lobe,115,35,35,0
4206,wm_rh_parietal_lobe,35,195,35,0
4207,wm_rh_insula_lobe,20,220,160,0
5001,left_unsegmentedwhitematter,20,30,40,0
5002,right_unsegmentedwhitematter,20,30,40,0
5100,fmajor,204,102,102,0
5101,fminor,204,102,102,0
5102,cc.body,204,102,102,0
5103,cc.bodyc,255,153,153,0
5104,cc.bodypf,255,153,153,0
5105,cc.bodypm,255,204,204,0
5106,cc.bodyp,255,102,102,0
5107,cc.bodyt,255,204,204,0
5108,cc.genu,255,102,102,0
5109,cc.rostrum,204,51,51,0
5110,cc.splenium,204,51,51,0
5111,acomm,204,102,102,0
5112,mcp,102,51,153,0
5200,lh.atr,255,255,102,0
5201,lh.cab,153,204,0,0
5202,lh.ccg,0,153,153,0
5203,lh.cst,204,153,255,0
5204,lh.ilf,255,153,51,0
5205,lh.slfp,204,204,204,0
5206,lh.slft,153,255,255,0
5207,lh.unc,102,153,255,0
5208,lh.cb,0,153,153,0
5209,lh.slf,204,204,204,0
5210,lh.af,153,255,255,0
5211,lh.ifof,51,153,51,0
5212,lh.fx,255,153,204,0
5213,lh.fat,204,51,102,0
5214,lh.or,153,102,255,0
5215,lh.mlf,255,255,204,0
5216,lh.slf1,51,204,255,0
5217,lh.slf2,51,255,204,0
5218,lh.slf3,204,204,204,0
5219,lh.afd,153,255,255,0
5220,lh.afv,153,255,255,0
5221,lh.ar,153,0,204,0
5222,lh.cbd,0,153,153,0
5223,lh.cbv,153,204,0,0
5224,lh.emc,51,153,51,0
5225,lh.uf,102,153,255,0
5300,rh.atr,255,255,102,0
5301,rh.cab,153,204,0,0
5302,rh.ccg,0,153,153,0
5303,rh.cst,204,153,255,0
5304,rh.ilf,255,153,51,0
5305,rh.slfp,204,204,204,0
5306,rh.slft,153,255,255,0
5307,rh.unc,102,153,255,0
5308,rh.cb,0,153,153,0
5309,rh.slf,204,204,204,0
5310,rh.af,153,255,255,0
5311,rh.ifof,51,153,51,0
5312,rh.fx,255,153,204,0
5313,rh.fat,204,51,102,0
5314,rh.or,153,102,255,0
5315,rh.mlf,255,255,204,0
5316,rh.slf1,51,204,255,0
5317,rh.slf2,51,255,204,0
5318,rh.slf3,204,204,204,0
5319,rh.afd,153,255,255,0
5320,rh.afv,153,255,255,0
5321,rh.ar,153,0,204,0
5322,rh.cbd,0,153,153,0
5323,rh.cbv,153,204,0,0
5324,rh.emc,51,153,51,0
5325,rh.uf,102,153,255,0
6000,cst_orig,0,255,0,0
6001,cst_hammer,255,255,0,0
6002,cst_cvs,0,255,255,0
6003,cst_flirt,0,0,255,0
6010,left_slf1,236,16,231,0
6020,right_slf1,237,18,232,0
6030,left_slf3,236,13,227,0
6040,right_slf3,236,17,228,0
6050,left_cst,1,255,1,0
6060,right_cst,2,255,1,0
6070,left_slf2,236,14,230,0
6080,right_slf2,237,14,230,0
7001,lateral_nucleus,72,132,181,0
7002,basolateral_nucleus,243,243,243,0
7003,basal_nucleus,207,63,79,0
7004,centromedial_nucleus,121,20,135,0
7005,central_nucleus,197,60,248,0
7006,medial_nucleus,2,149,2,0
7007,cortical_nucleus,221,249,166,0
7008,accessory_basal_nucleus,232,146,35,0
7009,corticoamygdaloid_transitio,20,60,120,0
7010,anterior_amygdaloid_area_aaa,250,250,0,0
7011,fusion_amygdala_hp_fah,122,187,222,0
7012,hippocampal_amygdala_transition_hata,237,12,177,0
7013,endopiriform_nucleus,10,49,255,0
7014,lateral_nucleus_olfactory_tract,205,184,144,0
7015,paralaminar_nucleus,45,205,165,0
7016,intercalated_nucleus,117,160,175,0
7017,prepiriform_cortex,221,217,21,0
7018,periamygdaloid_cortex,20,60,120,0
7019,envelope_amygdala,141,21,100,0
7020,extranuclear_amydala,225,140,141,0
7100,brainstem_inferior_colliculus,42,201,168,0
7101,brainstem_cochlear_nucleus,168,104,162,0
7201,dr,121,255,250,0
7202,mnr,0,255,0,0
7203,pag,153,153,255,0
7204,vta,255,0,255,0
7302,left_ldtg,255,127,0,0
7303,left_mrt,255,0,0,0
7304,left_pbc,255,255,0,0
7305,left_pno,0,127,255,0
7306,left_ptg,127,0,255,0
7402,right_ldtg,255,127,0,0
7403,right_mrt,255,0,0,0
7404,right_pbc,255,255,0,0
7405,right_pno,0,127,255,0
7406,right_ptg,127,0,255,0
8001,thalamus_anterior,74,130,181,0
8002,thalamus_ventral_anterior,242,241,240,0
8003,thalamus_lateral_dorsal,206,65,78,0
8004,thalamus_lateral_posterior,120,21,133,0
8005,thalamus_ventral_lateral,195,61,246,0
8006,thalamus_ventral_posterior_medial,3,147,6,0
8007,thalamus_ventral_posterior_lateral,220,251,163,0
8008,thalamus_intralaminar,232,146,33,0
8009,thalamus_centromedian,4,114,14,0
8010,thalamus_mediodorsal,121,184,220,0
8011,thalamus_medial,235,11,175,0
8012,thalamus_pulvinar,12,46,250,0
8013,thalamus_lateral_geniculate,203,182,143,0
8014,thalamus_medial_geniculate,42,204,167,0
8103,left_av,0,85,0,0
8104,left_cem,170,85,0,0
8105,left_cl,0,170,0,0
8106,left_cm,170,170,0,0
8108,left_ld,170,255,0,0
8109,left_lgn,0,0,127,0
8110,left_lp,0,85,127,0
8111,left_l_sg,170,85,127,0
8112,left_mdl,0,170,127,0
8113,left_mdm,170,170,127,0
8115,left_mgn,170,255,127,0
8116,left_mv(re),0,0,255,0
8117,left_pc,170,0,255,0
8118,left_pf,0,85,255,0
8119,left_pt,170,85,255,0
8120,left_pua,0,170,255,0
8121,left_pui,170,170,255,0
8122,left_pul,0,255,255,0
8123,left_pum,170,255,255,0
8125,left_r,255,0,0,0
8126,left_va,85,85,0,0
8127,left_vamc,255,85,0,0
8128,left_vla,85,170,0,0
8129,left_vlp,255,170,0,0
8130,left_vm,85,255,0,0
8133,left_vpl,255,0,255,0
8134,left_pav,120,18,134,0
8135,left_pumm,170,255,255,0
8136,left_puml,140,240,255,0
8203,right_av,0,85,0,0
8204,right_cem,170,85,0,0
8205,right_cl,0,170,0,0
8206,right_cm,170,170,0,0
8208,right_ld,170,255,0,0
8209,right_lgn,0,0,127,0
8210,right_lp,0,85,127,0
8211,right_l_sg,170,85,127,0
8212,right_mdl,0,170,127,0
8213,right_mdm,170,170,127,0
8215,right_mgn,170,255,127,0
8216,right_mv(re),0,0,255,0
8217,right_pc,170,0,255,0
8218,right_pf,0,85,255,0
8219,right_pt,170,85,255,0
8220,right_pua,0,170,255,0
8221,right_pui,170,170,255,0
8222,right_pul,0,255,255,0
8223,right_pum,170,255,255,0
8225,right_r,255,0,0,0
8226,right_va,85,85,0,0
8227,right_vamc,255,85,0,0
8228,right_vla,85,170,0,0
8229,right_vlp,255,170,0,0
8230,right_vm,85,255,0,0
8233,right_vpl,255,0,255,0
8234,right_pav,120,18,134,0
8235,right_pumm,170,255,255,0
8236,right_puml,140,240,255,0
9000,ctx_lh_prefrontal,50,100,30,0
9001,ctx_lh_primary_motor,30,100,45,0
9002,ctx_lh_premotor,130,100,165,0
9003,ctx_lh_temporal,105,25,5,0
9004,ctx_lh_posterior_parietal,125,70,55,0
9005,ctx_lh_prim_sec_somatosensory,225,20,105,0
9006,ctx_lh_occipital,225,20,15,0
9500,ctx_rh_prefrontal,50,200,30,0
9501,ctx_rh_primary_motor,30,150,45,0
9502,ctx_rh_premotor,130,150,165,0
9503,ctx_rh_temporal,105,75,5,0
9504,ctx_rh_posterior_parietal,125,120,55,0
9505,ctx_rh_prim_sec_somatosensory,225,70,105,0
9506,ctx_rh_occipital,225,70,15,0
11100,ctx_lh_unknown,0,0,0,0
11101,ctx_lh_g_and_s_frontomargin,23,220,60,0
11102,ctx_lh_g_and_s_occipital_inf,23,60,180,0
11103,ctx_lh_g_and_s_paracentral,63,100,60,0
11104,ctx_lh_g_and_s_subcentral,63,20,220,0
11105,ctx_lh_g_and_s_transv_frontopol,13,0,250,0
11106,ctx_lh_g_and_s_cingul_ant,26,60,0,0
11107,ctx_lh_g_and_s_cingul_mid_ant,26,60,75,0
11108,ctx_lh_g_and_s_cingul_mid_post,26,60,150,0
11109,ctx_lh_g_cingul_post_dorsal,25,60,250,0
11110,ctx_lh_g_cingul_post_ventral,60,25,25,0
11111,ctx_lh_g_cuneus,180,20,20,0
11112,ctx_lh_g_front_inf_opercular,220,20,100,0
11113,ctx_lh_g_front_inf_orbital,140,60,60,0
11114,ctx_lh_g_front_inf_triangul,180,220,140,0
11115,ctx_lh_g_front_middle,140,100,180,0
11116,ctx_lh_g_front_sup,180,20,140,0
11117,ctx_lh_g_ins_lg_and_s_cent_ins,23,10,10,0
11118,ctx_lh_g_insular_short,225,140,140,0
11119,ctx_lh_g_occipital_middle,180,60,180,0
11120,ctx_lh_g_occipital_sup,20,220,60,0
11121,ctx_lh_g_oc_temp_lat_fusifor,60,20,140,0
11122,ctx_lh_g_oc_temp_med_lingual,220,180,140,0
11123,ctx_lh_g_oc_temp_med_parahip,65,100,20,0
11124,ctx_lh_g_orbital,220,60,20,0
11125,ctx_lh_g_pariet_inf_angular,20,60,220,0
11126,ctx_lh_g_pariet_inf_supramar,100,100,60,0
11127,ctx_lh_g_parietal_sup,220,180,220,0
11128,ctx_lh_g_postcentral,20,180,140,0
11129,ctx_lh_g_precentral,60,140,180,0
11130,ctx_lh_g_precuneus,25,20,140,0
11131,ctx_lh_g_rectus,20,60,100,0
11132,ctx_lh_g_subcallosal,60,220,20,0
11133,ctx_lh_g_temp_sup_g_t_transv,60,60,220,0
11134,ctx_lh_g_temp_sup_lateral,220,60,220,0
11135,ctx_lh_g_temp_sup_plan_polar,65,220,60,0
11136,ctx_lh_g_temp_sup_plan_tempo,25,140,20,0
11137,ctx_lh_g_temporal_inf,220,220,100,0
11138,ctx_lh_g_temporal_middle,180,60,60,0
11139,ctx_lh_lat_fis_ant_horizont,61,20,220,0
11140,ctx_lh_lat_fis_ant_vertical,61,20,60,0
11141,ctx_lh_lat_fis_post,61,60,100,0
11142,ctx_lh_medial_wall,25,25,25,0
11143,ctx_lh_pole_occipital,140,20,60,0
11144,ctx_lh_pole_temporal,220,180,20,0
11145,ctx_lh_s_calcarine,63,180,180,0
11146,ctx_lh_s_central,221,20,10,0
11147,ctx_lh_s_cingul_marginalis,221,20,100,0
11148,ctx_lh_s_circular_insula_ant,221,60,140,0
11149,ctx_lh_s_circular_insula_inf,221,20,220,0
11150,ctx_lh_s_circular_insula_sup,61,220,220,0
11151,ctx_lh_s_collat_transv_ant,100,200,200,0
11152,ctx_lh_s_collat_transv_post,10,200,200,0
11153,ctx_lh_s_front_inf,221,220,20,0
11154,ctx_lh_s_front_middle,141,20,100,0
11155,ctx_lh_s_front_sup,61,220,100,0
11156,ctx_lh_s_interm_prim_jensen,141,60,20,0
11157,ctx_lh_s_intrapariet_and_p_trans,143,20,220,0
11158,ctx_lh_s_oc_middle_and_lunatus,101,60,220,0
11159,ctx_lh_s_oc_sup_and_transversal,21,20,140,0
11160,ctx_lh_s_occipital_ant,61,20,180,0
11161,ctx_lh_s_oc_temp_lat,221,140,20,0
11162,ctx_lh_s_oc_temp_med_and_lingual,141,100,220,0
11163,ctx_lh_s_orbital_lateral,221,100,20,0
11164,ctx_lh_s_orbital_med_olfact,181,200,20,0
11165,ctx_lh_s_orbital_h_shaped,101,20,20,0
11166,ctx_lh_s_parieto_occipital,101,100,180,0
11167,ctx_lh_s_pericallosal,181,220,20,0
11168,ctx_lh_s_postcentral,21,140,200,0
11169,ctx_lh_s_precentral_inf_part,21,20,240,0
11170,ctx_lh_s_precentral_sup_part,21,20,200,0
11171,ctx_lh_s_suborbital,21,20,60,0
11172,ctx_lh_s_subparietal,101,60,60,0
11173,ctx_lh_s_temporal_inf,21,180,180,0
11174,ctx_lh_s_temporal_sup,223,220,60,0
11175,ctx_lh_s_temporal_transverse,221,60,60,0
11300,ctx_lh_high_myelin,60,162,60,0
12100,ctx_rh_unknown,0,0,0,0
12101,ctx_rh_g_and_s_frontomargin,23,220,60,0
12102,ctx_rh_g_and_s_occipital_inf,23,60,180,0
12103,ctx_rh_g_and_s_paracentral,63,100,60,0
12104,ctx_rh_g_and_s_subcentral,63,20,220,0
12105,ctx_rh_g_and_s_transv_frontopol,13,0,250,0
12106,ctx_rh_g_and_s_cingul_ant,26,60,0,0
12107,ctx_rh_g_and_s_cingul_mid_ant,26,60,75,0
12108,ctx_rh_g_and_s_cingul_mid_post,26,60,150,0
12109,ctx_rh_g_cingul_post_dorsal,25,60,250,0
12110,ctx_rh_g_cingul_post_ventral,60,25,25,0
12111,ctx_rh_g_cuneus,180,20,20,0
12112,ctx_rh_g_front_inf_opercular,220,20,100,0
12113,ctx_rh_g_front_inf_orbital,140,60,60,0
12114,ctx_rh_g_front_inf_triangul,180,220,140,0
12115,ctx_rh_g_front_middle,140,100,180,0
12116,ctx_rh_g_front_sup,180,20,140,0
12117,ctx_rh_g_ins_lg_and_s_cent_ins,23,10,10,0
12118,ctx_rh_g_insular_short,225,140,140,0
12119,ctx_rh_g_occipital_middle,180,60,180,0
12120,ctx_rh_g_occipital_sup,20,220,60,0
12121,ctx_rh_g_oc_temp_lat_fusifor,60,20,140,0
12122,ctx_rh_g_oc_temp_med_lingual,220,180,140,0
12123,ctx_rh_g_oc_temp_med_parahip,65,100,20,0
12124,ctx_rh_g_orbital,220,60,20,0
12125,ctx_rh_g_pariet_inf_angular,20,60,220,0
12126,ctx_rh_g_pariet_inf_supramar,100,100,60,0
12127,ctx_rh_g_parietal_sup,220,180,220,0
12128,ctx_rh_g_postcentral,20,180,140,0
12129,ctx_rh_g_precentral,60,140,180,0
12130,ctx_rh_g_precuneus,25,20,140,0
12131,ctx_rh_g_rectus,20,60,100,0
12132,ctx_rh_g_subcallosal,60,220,20,0
12133,ctx_rh_g_temp_sup_g_t_transv,60,60,220,0
12134,ctx_rh_g_temp_sup_lateral,220,60,220,0
12135,ctx_rh_g_temp_sup_plan_polar,65,220,60,0
12136,ctx_rh_g_temp_sup_plan_tempo,25,140,20,0
12137,ctx_rh_g_temporal_inf,220,220,100,0
12138,ctx_rh_g_temporal_middle,180,60,60,0
12139,ctx_rh_lat_fis_ant_horizont,61,20,220,0
12140,ctx_rh_lat_fis_ant_vertical,61,20,60,0
12141,ctx_rh_lat_fis_post,61,60,100,0
12142,ctx_rh_medial_wall,25,25,25,0
12143,ctx_rh_pole_occipital,140,20,60,0
12144,ctx_rh_pole_temporal,220,180,20,0
12145,ctx_rh_s_calcarine,63,180,180,0
12146,ctx_rh_s_central,221,20,10,0
12147,ctx_rh_s_cingul_marginalis,221,20,100,0
12148,ctx_rh_s_circular_insula_ant,221,60,140,0
12149,ctx_rh_s_circular_insula_inf,221,20,220,0
12150,ctx_rh_s_circular_insula_sup,61,220,220,0
12151,ctx_rh_s_collat_transv_ant,100,200,200,0
12152,ctx_rh_s_collat_transv_post,10,200,200,0
12153,ctx_rh_s_front_inf,221,220,20,0
12154,ctx_rh_s_front_middle,141,20,100,0
12155,ctx_rh_s_front_sup,61,220,100,0
12156,ctx_rh_s_interm_prim_jensen,141,60,20,0
12157,ctx_rh_s_intrapariet_and_p_trans,143,20,220,0
12158,ctx_rh_s_oc_middle_and_lunatus,101,60,220,0
12159,ctx_rh_s_oc_sup_and_transversal,21,20,140,0
12160,ctx_rh_s_occipital_ant,61,20,180,0
12161,ctx_rh_s_oc_temp_lat,221,140,20,0
12162,ctx_rh_s_oc_temp_med_and_lingual,141,100,220,0
12163,ctx_rh_s_orbital_lateral,221,100,20,0
12164,ctx_rh_s_orbital_med_olfact,181,200,20,0
12165,ctx_rh_s_orbital_h_shaped,101,20,20,0
12166,ctx_rh_s_parieto_occipital,101,100,180,0
12167,ctx_rh_s_pericallosal,181,220,20,0
12168,ctx_rh_s_postcentral,21,140,200,0
12169,ctx_rh_s_precentral_inf_part,21,20,240,0
12170,ctx_rh_s_precentral_sup_part,21,20,200,0
12171,ctx_rh_s_suborbital,21,20,60,0
12172,ctx_rh_s_subparietal,101,60,60,0
12173,ctx_rh_s_temporal_inf,21,180,180,0
12174,ctx_rh_s_temporal_sup,223,220,60,0
12175,ctx_rh_s_temporal_transverse,221,60,60,0
12300,ctx_rh_high_myelin,60,200,60,0
13100,wm_lh_unknown,0,0,0,0
13101,wm_lh_g_and_s_frontomargin,23,220,60,0
13102,wm_lh_g_and_s_occipital_inf,23,60,180,0
13103,wm_lh_g_and_s_paracentral,63,100,60,0
13104,wm_lh_g_and_s_subcentral,63,20,220,0
13105,wm_lh_g_and_s_transv_frontopol,13,0,250,0
13106,wm_lh_g_and_s_cingul_ant,26,60,0,0
13107,wm_lh_g_and_s_cingul_mid_ant,26,60,75,0
13108,wm_lh_g_and_s_cingul_mid_post,26,60,150,0
13109,wm_lh_g_cingul_post_dorsal,25,60,250,0
13110,wm_lh_g_cingul_post_ventral,60,25,25,0
13111,wm_lh_g_cuneus,180,20,20,0
13112,wm_lh_g_front_inf_opercular,220,20,100,0
13113,wm_lh_g_front_inf_orbital,140,60,60,0
13114,wm_lh_g_front_inf_triangul,180,220,140,0
13115,wm_lh_g_front_middle,140,100,180,0
13116,wm_lh_g_front_sup,180,20,140,0
13117,wm_lh_g_ins_lg_and_s_cent_ins,23,10,10,0
13118,wm_lh_g_insular_short,225,140,140,0
13119,wm_lh_g_occipital_middle,180,60,180,0
13120,wm_lh_g_occipital_sup,20,220,60,0
13121,wm_lh_g_oc_temp_lat_fusifor,60,20,140,0
13122,wm_lh_g_oc_temp_med_lingual,220,180,140,0
13123,wm_lh_g_oc_temp_med_parahip,65,100,20,0
13124,wm_lh_g_orbital,220,60,20,0
13125,wm_lh_g_pariet_inf_angular,20,60,220,0
13126,wm_lh_g_pariet_inf_supramar,100,100,60,0
13127,wm_lh_g_parietal_sup,220,180,220,0
13128,wm_lh_g_postcentral,20,180,140,0
13129,wm_lh_g_precentral,60,140,180,0
13130,wm_lh_g_precuneus,25,20,140,0
13131,wm_lh_g_rectus,20,60,100,0
13132,wm_lh_g_subcallosal,60,220,20,0
13133,wm_lh_g_temp_sup_g_t_transv,60,60,220,0
13134,wm_lh_g_temp_sup_lateral,220,60,220,0
13135,wm_lh_g_temp_sup_plan_polar,65,220,60,0
13136,wm_lh_g_temp_sup_plan_tempo,25,140,20,0
13137,wm_lh_g_temporal_inf,220,220,100,0
13138,wm_lh_g_temporal_middle,180,60,60,0
13139,wm_lh_lat_fis_ant_horizont,61,20,220,0
13140,wm_lh_lat_fis_ant_vertical,61,20,60,0
13141,wm_lh_lat_fis_post,61,60,100,0
13142,wm_lh_medial_wall,25,25,25,0
13143,wm_lh_pole_occipital,140,20,60,0
13144,wm_lh_pole_temporal,220,180,20,0
13145,wm_lh_s_calcarine,63,180,180,0
13146,wm_lh_s_central,221,20,10,0
13147,wm_lh_s_cingul_marginalis,221,20,100,0
13148,wm_lh_s_circular_insula_ant,221,60,140,0
13149,wm_lh_s_circular_insula_inf,221,20,220,0
13150,wm_lh_s_circular_insula_sup,61,220,220,0
13151,wm_lh_s_collat_transv_ant,100,200,200,0
13152,wm_lh_s_collat_transv_post,10,200,200,0
13153,wm_lh_s_front_inf,221,220,20,0
13154,wm_lh_s_front_middle,141,20,100,0
13155,wm_lh_s_front_sup,61,220,100,0
13156,wm_lh_s_interm_prim_jensen,141,60,20,0
13157,wm_lh_s_intrapariet_and_p_trans,143,20,220,0
13158,wm_lh_s_oc_middle_and_lunatus,101,60,220,0
13159,wm_lh_s_oc_sup_and_transversal,21,20,140,0
13160,wm_lh_s_occipital_ant,61,20,180,0
13161,wm_lh_s_oc_temp_lat,221,140,20,0
13162,wm_lh_s_oc_temp_med_and_lingual,141,100,220,0
13163,wm_lh_s_orbital_lateral,221,100,20,0
13164,wm_lh_s_orbital_med_olfact,181,200,20,0
13165,wm_lh_s_orbital_h_shaped,101,20,20,0
13166,wm_lh_s_parieto_occipital,101,100,180,0
13167,wm_lh_s_pericallosal,181,220,20,0
13168,wm_lh_s_postcentral,21,140,200,0
13169,wm_lh_s_precentral_inf_part,21,20,240,0
13170,wm_lh_s_precentral_sup_part,21,20,200,0
13171,wm_lh_s_suborbital,21,20,60,0
13172,wm_lh_s_subparietal,101,60,60,0
13173,wm_lh_s_temporal_inf,21,180,180,0
13174,wm_lh_s_temporal_sup,223,220,60,0
13175,wm_lh_s_temporal_transverse,221,60,60,0
14100,wm_rh_unknown,0,0,0,0
14101,wm_rh_g_and_s_frontomargin,23,220,60,0
14102,wm_rh_g_and_s_occipital_inf,23,60,180,0
14103,wm_rh_g_and_s_paracentral,63,100,60,0
14104,wm_rh_g_and_s_subcentral,63,20,220,0
14105,wm_rh_g_and_s_transv_frontopol,13,0,250,0
14106,wm_rh_g_and_s_cingul_ant,26,60,0,0
14107,wm_rh_g_and_s_cingul_mid_ant,26,60,75,0
14108,wm_rh_g_and_s_cingul_mid_post,26,60,150,0
14109,wm_rh_g_cingul_post_dorsal,25,60,250,0
14110,wm_rh_g_cingul_post_ventral,60,25,25,0
14111,wm_rh_g_cuneus,180,20,20,0
14112,wm_rh_g_front_inf_opercular,220,20,100,0
14113,wm_rh_g_front_inf_orbital,140,60,60,0
14114,wm_rh_g_front_inf_triangul,180,220,140,0
14115,wm_rh_g_front_middle,140,100,180,0
14116,wm_rh_g_front_sup,180,20,140,0
14117,wm_rh_g_ins_lg_and_s_cent_ins,23,10,10,0
14118,wm_rh_g_insular_short,225,140,140,0
14119,wm_rh_g_occipital_middle,180,60,180,0
14120,wm_rh_g_occipital_sup,20,220,60,0
14121,wm_rh_g_oc_temp_lat_fusifor,60,20,140,0
14122,wm_rh_g_oc_temp_med_lingual,220,180,140,0
14123,wm_rh_g_oc_temp_med_parahip,65,100,20,0
14124,wm_rh_g_orbital,220,60,20,0
14125,wm_rh_g_pariet_inf_angular,20,60,220,0
14126,wm_rh_g_pariet_inf_supramar,100,100,60,0
14127,wm_rh_g_parietal_sup,220,180,220,0
14128,wm_rh_g_postcentral,20,180,140,0
14129,wm_rh_g_precentral,60,140,180,0
14130,wm_rh_g_precuneus,25,20,140,0
14131,wm_rh_g_rectus,20,60,100,0
14132,wm_rh_g_subcallosal,60,220,20,0
14133,wm_rh_g_temp_sup_g_t_transv,60,60,220,0
14134,wm_rh_g_temp_sup_lateral,220,60,220,0
14135,wm_rh_g_temp_sup_plan_polar,65,220,60,0
14136,wm_rh_g_temp_sup_plan_tempo,25,140,20,0
14137,wm_rh_g_temporal_inf,220,220,100,0
14138,wm_rh_g_temporal_middle,180,60,60,0
14139,wm_rh_lat_fis_ant_horizont,61,20,220,0
14140,wm_rh_lat_fis_ant_vertical,61,20,60,0
14141,wm_rh_lat_fis_post,61,60,100,0
14142,wm_rh_medial_wall,25,25,25,0
14143,wm_rh_pole_occipital,140,20,60,0
14144,wm_rh_pole_temporal,220,180,20,0
14145,wm_rh_s_calcarine,63,180,180,0
14146,wm_rh_s_central,221,20,10,0
14147,wm_rh_s_cingul_marginalis,221,20,100,0
14148,wm_rh_s_circular_insula_ant,221,60,140,0
14149,wm_rh_s_circular_insula_inf,221,20,220,0
14150,wm_rh_s_circular_insula_sup,61,220,220,0
14151,wm_rh_s_collat_transv_ant,100,200,200,0
14152,wm_rh_s_collat_transv_post,10,200,200,0
14153,wm_rh_s_front_inf,221,220,20,0
14154,wm_rh_s_front_middle,141,20,100,0
14155,wm_rh_s_front_sup,61,220,100,0
14156,wm_rh_s_interm_prim_jensen,141,60,20,0
14157,wm_rh_s_intrapariet_and_p_trans,143,20,220,0
14158,wm_rh_s_oc_middle_and_lunatus,101,60,220,0
14159,wm_rh_s_oc_sup_and_transversal,21,20,140,0
14160,wm_rh_s_occipital_ant,61,20,180,0
14161,wm_rh_s_oc_temp_lat,221,140,20,0
14162,wm_rh_s_oc_temp_med_and_lingual,141,100,220,0
14163,wm_rh_s_orbital_lateral,221,100,20,0
14164,wm_rh_s_orbital_med_olfact,181,200,20,0
14165,wm_rh_s_orbital_h_shaped,101,20,20,0
14166,wm_rh_s_parieto_occipital,101,100,180,0
14167,wm_rh_s_pericallosal,181,220,20,0
14168,wm_rh_s_postcentral,21,140,200,0
14169,wm_rh_s_precentral_inf_part,21,20,240,0
14170,wm_rh_s_precentral_sup_part,21,20,200,0
14171,wm_rh_s_suborbital,21,20,60,0
14172,wm_rh_s_subparietal,101,60,60,0
14173,wm_rh_s_temporal_inf,21,180,180,0
14174,wm_rh_s_temporal_sup,223,220,60,0
14175,wm_rh_s_temporal_transverse,221,60,60,0
